stock_id,supplier,sku,piece,quantity,finished_length_mm,tolerance_mm,process,url
STOCK-SHAFT-8MM,McMaster-Carr,8MM-SHAFT-STOCK,left_rocker_pivot_shaft,1,106.5,0.1,"Face and deburr; mill two 2.05 mm keyways to DSL locations, 1.20 mm deep from modeled OD; fit actual bearings and push-on retainers",https://www.mcmaster.com/products/shafts/diameter~8-mm/
STOCK-SHAFT-8MM,McMaster-Carr,8MM-SHAFT-STOCK,right_rocker_pivot_shaft,1,106.5,0.1,"Face and deburr; mill two 2.05 mm keyways to DSL locations, 1.20 mm deep from modeled OD; fit actual bearings and push-on retainers",https://www.mcmaster.com/products/shafts/diameter~8-mm/
STOCK-SHAFT-8MM,McMaster-Carr,8MM-SHAFT-STOCK,left_bogie_pivot_shaft,1,51.5,0.1,Face and deburr; M8x1.25 threads 9.5 mm at inboard end and 7 mm at outboard end; retain smooth bearing journals,https://www.mcmaster.com/products/shafts/diameter~8-mm/
STOCK-SHAFT-8MM,McMaster-Carr,8MM-SHAFT-STOCK,right_bogie_pivot_shaft,1,51.5,0.1,Face and deburr; M8x1.25 threads 9.5 mm at inboard end and 7 mm at outboard end; retain smooth bearing journals,https://www.mcmaster.com/products/shafts/diameter~8-mm/
STOCK-SPACER-13X8P3,Metric tube supplier,TUBE-13X8.3,wheel_spacer_13x8p3x22p8,1,22.8,0.1,"saw, deburr, face square",
STOCK-SPACER-13X8P3,Metric tube supplier,TUBE-13X8.3,wheel_spacer_13x8p3x22p8_right,1,22.8,0.1,"saw, deburr, face square",
STOCK-SPACER-13X8P3,Metric tube supplier,TUBE-13X8.3,bogie_wheel_spacer_5p8mm,2,5.8,0.1,"saw, deburr, face square",
STOCK-SPACER-13X8P3,Metric tube supplier,TUBE-13X8.3,bogie_wheel_spacer_5p8mm_right,2,5.8,0.1,"saw, deburr, face square",
STOCK-KEY-2MM,McMaster-Carr,92288A710,left_rocker_pivot_keys_1,1,12.5,0.1,"saw, deburr, face square",https://www.mcmaster.com/92288A710/
STOCK-KEY-2MM,McMaster-Carr,92288A710,left_rocker_pivot_keys_2,1,8.5,0.1,"saw, deburr, face square",https://www.mcmaster.com/92288A710/
STOCK-KEY-2MM,McMaster-Carr,92288A710,right_rocker_pivot_keys_1,1,12.5,0.1,"saw, deburr, face square",https://www.mcmaster.com/92288A710/
STOCK-KEY-2MM,McMaster-Carr,92288A710,right_rocker_pivot_keys_2,1,8.5,0.1,"saw, deburr, face square",https://www.mcmaster.com/92288A710/
STOCK-INNER-SPACER-12X8P3,Metric tube supplier,TUBE-12X8.3,wheel_inner_spacer_12x8p3x21p4,6,21.4,0.02,Face to measured seated-bearing separation; deburr; confirm free rotation with retention tightened,
